{"properties":{"connectionReferences":{"shared_commondataserviceforapps":{"runtimeSource":"embedded","connection":{"connectionReferenceLogicalName":"new_sharedcommondataserviceforapps_dd546"},"api":{"name":"shared_commondataserviceforapps"}},"shared_office365":{"runtimeSource":"embedded","connection":{"connectionReferenceLogicalName":"new_sharedoffice365_6308d"},"api":{"name":"shared_office365"}}},"definition":{"$schema":"https://schema.management.azure.com/providers/Microsoft.Logic/schemas/2016-06-01/workflowdefinition.json#","contentVersion":"1.0.0.0","parameters":{"$connections":{"defaultValue":{},"type":"Object"},"$authentication":{"defaultValue":{},"type":"SecureObject"}},"triggers":{"Cuando_se_agrega,_modifica_o_elimina_una_fila":{"type":"OpenApiConnectionWebhook","inputs":{"host":{"connectionName":"shared_commondataserviceforapps","operationId":"SubscribeWebhookTrigger","apiId":"/providers/Microsoft.PowerApps/apis/shared_commondataserviceforapps"},"parameters":{"subscriptionRequest/message":1,"subscriptionRequest/entityname":"new_order","subscriptionRequest/scope":4},"authentication":"@parameters('$authentication')"}}},"actions":{"Condición":{"actions":{"Obtener_Contact_ID":{"runAfter":{},"type":"OpenApiConnection","inputs":{"host":{"connectionName":"shared_commondataserviceforapps","operationId":"GetItem","apiId":"/providers/Microsoft.PowerApps/apis/shared_commondataserviceforapps"},"parameters":{"entityName":"new_customerses","recordId":"@triggerOutputs()?['body/_new_cliente_value']"},"authentication":"@parameters('$authentication')"}},"Email_DEF":{"runAfter":{"Aplicar_a_cada_uno":["Succeeded"]},"type":"SetVariable","inputs":{"name":"Email Contact","value":"@outputs('Obtener_Contact_ID')?['body/new_email']"}},"Email_equals_null":{"actions":{"Enviar_correo_electrónico_(V2)":{"runAfter":{},"type":"OpenApiConnection","inputs":{"host":{"connectionName":"shared_office365","operationId":"SendEmailV2","apiId":"/providers/Microsoft.PowerApps/apis/shared_office365"},"parameters":{"emailMessage/To":"@variables('Email Contact')","emailMessage/Subject":"Ticket order: @{triggerOutputs()?['body/new_ordername']}:@{triggerOutputs()?['body/new_idpedido']}","emailMessage/Body":"<p>Buenas afortunado:<br>\n<br>\nLe mandamos informacion acerca de su pedido:<br>\n<br>\n@{variables('Order lines')}<br>\n<br>\n<br>\n</p>"},"authentication":"@parameters('$authentication')"}}},"runAfter":{"Email_DEF":["Succeeded"]},"expression":{"not":{"equals":["@variables('Email Contact')","@null"]}},"type":"If"},"Obtener_detalles_orders_lines":{"runAfter":{"Obtener_Contact_ID":["Succeeded"]},"type":"OpenApiConnection","inputs":{"host":{"connectionName":"shared_commondataserviceforapps","operationId":"ListRecords","apiId":"/providers/Microsoft.PowerApps/apis/shared_commondataserviceforapps"},"parameters":{"entityName":"new_orderlines","fetchXml":"<fetch>\n  <entity name=\"new_orderline\" >\n    <attribute name=\"new_cantidad\" />\n    <attribute name=\"new_name\" />\n    <attribute name=\"new_amount\" />\n    <attribute name=\"new_product\" />\n    <link-entity name=\"new_order\" from=\"new_orderid\" to=\"new_order\" >\n      <filter>\n        <condition attribute=\"new_orderid\" operator=\"eq\" value=\"@{triggerOutputs()?['body/new_orderid']}\" />\n      </filter>\n    </link-entity>\n  </entity>\n</fetch>"},"authentication":"@parameters('$authentication')"}},"Aplicar_a_cada_uno":{"foreach":"@outputs('Obtener_detalles_orders_lines')?['body/value']","actions":{"Append_order_lines":{"runAfter":{},"type":"AppendToStringVariable","inputs":{"name":"Order lines","value":"Nombre: @{items('Aplicar_a_cada_uno')?['new_name']}   Importe: @{items('Aplicar_a_cada_uno')?['new_amount']}  Cantidad: @{items('Aplicar_a_cada_uno')?['new_cantidad']} </br></br>"}},"Obtener_producto":{"runAfter":{"Cantidad_Def":["Succeeded"]},"type":"OpenApiConnection","inputs":{"host":{"connectionName":"shared_commondataserviceforapps","operationId":"GetItem","apiId":"/providers/Microsoft.PowerApps/apis/shared_commondataserviceforapps"},"parameters":{"entityName":"new_productses","recordId":"@items('Aplicar_a_cada_uno')?['_new_product_value']"},"authentication":"@parameters('$authentication')"}},"Actualizar_stock_producto":{"runAfter":{"Obtener_producto":["Succeeded"]},"type":"OpenApiConnection","inputs":{"host":{"connectionName":"shared_commondataserviceforapps","operationId":"UpdateRecord","apiId":"/providers/Microsoft.PowerApps/apis/shared_commondataserviceforapps"},"parameters":{"entityName":"new_productses","recordId":"@outputs('Obtener_producto')?['body/new_productsid']","item/new_stock":"@sub(outputs('Obtener_producto')?['body/new_stock'],variables('cantidad'))"},"authentication":"@parameters('$authentication')"}},"Cantidad_Def":{"runAfter":{"Append_order_lines":["Succeeded"]},"type":"SetVariable","inputs":{"name":"cantidad","value":"@items('Aplicar_a_cada_uno')?['new_cantidad']"}}},"runAfter":{"Obtener_detalles_orders_lines":["Succeeded"]},"type":"Foreach"}},"runAfter":{"Order_Lines":["Succeeded"]},"expression":{"not":{"equals":["@triggerOutputs()?['body/_new_cliente_value']","@null"]}},"type":"If"},"Email_Contact":{"runAfter":{},"type":"InitializeVariable","inputs":{"variables":[{"name":"Email Contact","type":"string"}]}},"Order_Lines":{"runAfter":{"Cantidad":["Succeeded"]},"type":"InitializeVariable","inputs":{"variables":[{"name":"Order lines","type":"string"}]}},"Cantidad":{"runAfter":{"Email_Contact":["Succeeded"]},"type":"InitializeVariable","inputs":{"variables":[{"name":"cantidad","type":"integer"}]}}},"outputs":{}}},"schemaVersion":"1.0.0.0"}